{
  "hit_rate": {
    "hit@5": 0.7821782178217822
  },
  "mrr": 0.6137906647807638
}