{
  "hit_rate": {
    "hit@5": 0.504950495049505
  },
  "mrr": 0.4151402640264026
}